{"cameraMode":{"drawMode":0,"name":"Shaded","section":"Shading Mode"},"sceneLighting":false,"audioPlay":false,"sceneViewState":{"m_AlwaysRefresh":false,"showFog":true,"showSkybox":false,"showFlares":true,"showImageEffects":true,"showParticleSystems":true,"showVisualEffectGraphs":true,"m_FxEnabled":true},"in2DMode":false,"pivot":{"x":-0.025698840618133546,"y":2.4556283950805666,"z":1.7128353118896485},"rotation":{"x":-0.010806379839777947,"y":0.023093849420547487,"z":-0.000249569391598925,"w":-0.9996765851974487},"size":5.572206497192383,"orthographic":false}